[{"model": "auth.permission", "pk": 1, "fields": {"name": "Can add log entry", "content_type": 1, "codename": "add_logentry"}}, {"model": "auth.permission", "pk": 2, "fields": {"name": "Can change log entry", "content_type": 1, "codename": "change_logentry"}}, {"model": "auth.permission", "pk": 3, "fields": {"name": "Can delete log entry", "content_type": 1, "codename": "delete_logentry"}}, {"model": "auth.permission", "pk": 4, "fields": {"name": "Can view log entry", "content_type": 1, "codename": "view_logentry"}}, {"model": "auth.permission", "pk": 5, "fields": {"name": "Can add permission", "content_type": 2, "codename": "add_permission"}}, {"model": "auth.permission", "pk": 6, "fields": {"name": "Can change permission", "content_type": 2, "codename": "change_permission"}}, {"model": "auth.permission", "pk": 7, "fields": {"name": "Can delete permission", "content_type": 2, "codename": "delete_permission"}}, {"model": "auth.permission", "pk": 8, "fields": {"name": "Can view permission", "content_type": 2, "codename": "view_permission"}}, {"model": "auth.permission", "pk": 9, "fields": {"name": "Can add group", "content_type": 3, "codename": "add_group"}}, {"model": "auth.permission", "pk": 10, "fields": {"name": "Can change group", "content_type": 3, "codename": "change_group"}}, {"model": "auth.permission", "pk": 11, "fields": {"name": "Can delete group", "content_type": 3, "codename": "delete_group"}}, {"model": "auth.permission", "pk": 12, "fields": {"name": "Can view group", "content_type": 3, "codename": "view_group"}}, {"model": "auth.permission", "pk": 13, "fields": {"name": "Can add user", "content_type": 4, "codename": "add_user"}}, {"model": "auth.permission", "pk": 14, "fields": {"name": "Can change user", "content_type": 4, "codename": "change_user"}}, {"model": "auth.permission", "pk": 15, "fields": {"name": "Can delete user", "content_type": 4, "codename": "delete_user"}}, {"model": "auth.permission", "pk": 16, "fields": {"name": "Can view user", "content_type": 4, "codename": "view_user"}}, {"model": "auth.permission", "pk": 17, "fields": {"name": "Can add content type", "content_type": 5, "codename": "add_contenttype"}}, {"model": "auth.permission", "pk": 18, "fields": {"name": "Can change content type", "content_type": 5, "codename": "change_contenttype"}}, {"model": "auth.permission", "pk": 19, "fields": {"name": "Can delete content type", "content_type": 5, "codename": "delete_contenttype"}}, {"model": "auth.permission", "pk": 20, "fields": {"name": "Can view content type", "content_type": 5, "codename": "view_contenttype"}}, {"model": "auth.permission", "pk": 21, "fields": {"name": "Can add session", "content_type": 6, "codename": "add_session"}}, {"model": "auth.permission", "pk": 22, "fields": {"name": "Can change session", "content_type": 6, "codename": "change_session"}}, {"model": "auth.permission", "pk": 23, "fields": {"name": "Can delete session", "content_type": 6, "codename": "delete_session"}}, {"model": "auth.permission", "pk": 24, "fields": {"name": "Can view session", "content_type": 6, "codename": "view_session"}}, {"model": "auth.permission", "pk": 25, "fields": {"name": "Can add product", "content_type": 7, "codename": "add_product"}}, {"model": "auth.permission", "pk": 26, "fields": {"name": "Can change product", "content_type": 7, "codename": "change_product"}}, {"model": "auth.permission", "pk": 27, "fields": {"name": "Can delete product", "content_type": 7, "codename": "delete_product"}}, {"model": "auth.permission", "pk": 28, "fields": {"name": "Can view product", "content_type": 7, "codename": "view_product"}}, {"model": "auth.permission", "pk": 29, "fields": {"name": "Can add order", "content_type": 8, "codename": "add_order"}}, {"model": "auth.permission", "pk": 30, "fields": {"name": "Can change order", "content_type": 8, "codename": "change_order"}}, {"model": "auth.permission", "pk": 31, "fields": {"name": "Can delete order", "content_type": 8, "codename": "delete_order"}}, {"model": "auth.permission", "pk": 32, "fields": {"name": "Can view order", "content_type": 8, "codename": "view_order"}}, {"model": "auth.permission", "pk": 33, "fields": {"name": "Can add order product", "content_type": 9, "codename": "add_orderproduct"}}, {"model": "auth.permission", "pk": 34, "fields": {"name": "Can change order product", "content_type": 9, "codename": "change_orderproduct"}}, {"model": "auth.permission", "pk": 35, "fields": {"name": "Can delete order product", "content_type": 9, "codename": "delete_orderproduct"}}, {"model": "auth.permission", "pk": 36, "fields": {"name": "Can view order product", "content_type": 9, "codename": "view_orderproduct"}}, {"model": "auth.user", "pk": 1, "fields": {"password": "pbkdf2_sha256$1000000$QwUlO2wKmrxNmgHX54rEe4$RHI3Vz0wx910lLNJV12lNUAOd91QrpHyw1WB03wLRQw=", "last_login": "2025-06-03T11:12:54.880Z", "is_superuser": false, "username": "andresx1", "first_name": "", "last_name": "", "email": "andresx1@gmail.com", "is_staff": false, "is_active": true, "date_joined": "2025-06-03T11:12:54.034Z", "groups": [], "user_permissions": []}}, {"model": "auth.user", "pk": 2, "fields": {"password": "pbkdf2_sha256$1000000$PVlt9c3UF8iOPhId1mKEg0$8jDykFuxNkqHipCZbz9YIi2W637r/qtUxSlHU6m0XOU=", "last_login": "2025-06-03T11:13:09.091Z", "is_superuser": false, "username": "andresx100", "first_name": "", "last_name": "", "email": "andresx1@gmail.com", "is_staff": false, "is_active": true, "date_joined": "2025-06-03T11:13:08.346Z", "groups": [], "user_permissions": []}}, {"model": "auth.user", "pk": 3, "fields": {"password": "pbkdf2_sha256$1000000$o00srxinVqRosZCKR3aOgo$A4SnMqTxoGFFf3gVq/X1pzK0OWfZGr+N/z/w1AEutaM=", "last_login": "2025-06-03T11:13:31.848Z", "is_superuser": false, "username": "andresx800", "first_name": "", "last_name": "", "email": "andresx1@gmail.com", "is_staff": false, "is_active": true, "date_joined": "2025-06-03T11:13:31.138Z", "groups": [], "user_permissions": []}}, {"model": "auth.user", "pk": 4, "fields": {"password": "pbkdf2_sha256$1000000$NJR3PS3pCHNNt8vfzIuNLb$HvNKlEKygFlCP8R0JWCMuqu3vP7pnwKd7tCY9IfA6y4=", "last_login": "2025-06-03T11:25:13.215Z", "is_superuser": false, "username": "zdavid", "first_name": "", "last_name": "", "email": "zdavid@gmail.com", "is_staff": false, "is_active": true, "date_joined": "2025-06-03T11:14:26.569Z", "groups": [], "user_permissions": []}}, {"model": "contenttypes.contenttype", "pk": 1, "fields": {"app_label": "admin", "model": "logentry"}}, {"model": "contenttypes.contenttype", "pk": 2, "fields": {"app_label": "auth", "model": "permission"}}, {"model": "contenttypes.contenttype", "pk": 3, "fields": {"app_label": "auth", "model": "group"}}, {"model": "contenttypes.contenttype", "pk": 4, "fields": {"app_label": "auth", "model": "user"}}, {"model": "contenttypes.contenttype", "pk": 5, "fields": {"app_label": "contenttypes", "model": "contenttype"}}, {"model": "contenttypes.contenttype", "pk": 6, "fields": {"app_label": "sessions", "model": "session"}}, {"model": "contenttypes.contenttype", "pk": 7, "fields": {"app_label": "products", "model": "product"}}, {"model": "contenttypes.contenttype", "pk": 8, "fields": {"app_label": "orders", "model": "order"}}, {"model": "contenttypes.contenttype", "pk": 9, "fields": {"app_label": "orders", "model": "orderproduct"}}, {"model": "sessions.session", "pk": "a6pgb2bsn5l9yus9nqqf02o9sqbq5gxf", "fields": {"session_data": ".eJxVjEEOwiAQRe_C2hCYdoC6dO8ZyMBMpWpoUtqV8e7apAvd_vfef6lI21ri1mSJE6uzAnX63RLlh9Qd8J3qbdZ5rusyJb0r-qBNX2eW5-Vw_w4KtfKtbQIUQyBgshOL6FwgHxIwjcSj6QDZI-YAQ-LeW-MH7h1yB2AdBlDvD9m0Nwk:1uMPZt:Ax-kmQd66SeFelU-r9CxHK0netJ4IaEewNDBihIX3L0", "expire_date": "2025-06-17T11:13:09.434Z"}}, {"model": "sessions.session", "pk": "sg5hz0gjmuasufc0f5jjszhxxqjjkczg", "fields": {"session_data": ".eJxVjEEOwiAQRe_C2pCWjoW6dN8zkBlmkKqBpLQr492VpAtd_v9e3kt53Lfk9yqrX1hdFKjT70cYHpIb4DvmW9Gh5G1dSDdFH7TqubA8r4f7F0hYU8tOhuPQx8gC1nVgSQQgEgAEG3qHLsp5IkASBucM2CDjdwqMnTWDUe8P_W04RQ:1uMPlZ:T06ru2jD_OKHQxxFappNmu7Sjme1ljsyEdKnbHk_i4c", "expire_date": "2025-06-17T11:25:13.243Z"}}, {"model": "sessions.session", "pk": "zm2if7ghx6b07j5n5o6t8w159tspgt5m", "fields": {"session_data": ".eJxVjEEOwiAQAP_C2RBhKbAevfcNhIWtVA1NSnsy_l1JetDrzGReIsR9K2FvvIY5i4tQ4vTLKKYH1y7yPdbbItNSt3Um2RN52CbHJfPzerR_gxJb6VsC9g5jsuDdoHQymYxGtKAAM-LwJTGhgfMEVlvH7MAQImvPk6Es3h--UTc1:1uMPZf:D05Ge7rjD73C-GDXx3SCBYzP33QrQEvaT_lNgwuaeEs", "expire_date": "2025-06-17T11:12:55.250Z"}}]